<?xml version="1.0" encoding="UTF-8"?>
<metadata xml:lang="en"><Esri><CreaDate>20250406</CreaDate><CreaTime>20005300</CreaTime><ArcGISFormat>1.0</ArcGISFormat><SyncOnce>TRUE</SyncOnce><DataProperties><lineage><Process ToolSource="d:\semester 7\skripsi\tools\arcgis\pro\Resources\ArcToolbox\toolboxes\Data Management Tools.tbx\Append" Date="20250406" Time="200053">Append Cluster_AOI_Bitung Cluster_AOI_Final "Skip and warn if schema does not match" # # # # NOT_UPDATE_GEOMETRY</Process></lineage></DataProperties></Esri></metadata>
