<metadata xml:lang="en"><Esri><CreaDate>20250102</CreaDate><CreaTime>12473700</CreaTime><ArcGISFormat>1.0</ArcGISFormat><SyncOnce>FALSE</SyncOnce><DataProperties><lineage><Process ToolSource="d:\semester 7\skripsi\tools\arcgis\pro\Resources\ArcToolbox\toolboxes\Data Management Tools.tbx\CreateFeatureclass" Date="20250102" Time="124737">CreateFeatureclass C:\Users\asus\Documents\ArcGIS\Projects\DLKrDLKp\DLKrDLKp.gdb DLKr Polygon # No Yes "GEOGCS["GCS_WGS_1984",DATUM["D_WGS_1984",SPHEROID["WGS_1984",6378137.0,298.257223563]],PRIMEM["Greenwich",0.0],UNIT["Degree",0.0174532925199433]];-400 -400 1000000000;-100000 10000;-100000 10000;8.98315284119521E-09;0.001;0.001;IsHighPrecision" # # # # # "Same as template"</Process><Process ToolSource="d:\semester 7\skripsi\tools\arcgis\pro\Resources\ArcToolbox\toolboxes\Data Management Tools.tbx\UpdateSchema" Date="20250102" Time="124740">UpdateSchema C:\Users\asus\Documents\ArcGIS\Projects\DLKrDLKp\DLKrDLKp.gdb\DLKr &lt;operationSequence&gt;&lt;workflow&gt;&lt;AddField&gt;&lt;field_name&gt;Nama&lt;/field_name&gt;&lt;field_type&gt;TEXT&lt;/field_type&gt;&lt;field_is_nullable&gt;TRUE&lt;/field_is_nullable&gt;&lt;field_length&gt;255&lt;/field_length&gt;&lt;/AddField&gt;&lt;/workflow&gt;&lt;/operationSequence&gt;</Process><Process ToolSource="d:\semester 7\skripsi\tools\arcgis\pro\Resources\ArcToolbox\toolboxes\Data Management Tools.tbx\UpdateSchema" Date="20250102" Time="124742">UpdateSchema C:\Users\asus\Documents\ArcGIS\Projects\DLKrDLKp\DLKrDLKp.gdb\DLKr &lt;operationSequence&gt;&lt;workflow&gt;&lt;AlterField&gt;&lt;field_name&gt;OBJECTID&lt;/field_name&gt;&lt;field_alias&gt;OBJECTID&lt;/field_alias&gt;&lt;/AlterField&gt;&lt;/workflow&gt;&lt;workflow&gt;&lt;AlterField&gt;&lt;field_name&gt;SHAPE&lt;/field_name&gt;&lt;field_alias&gt;SHAPE&lt;/field_alias&gt;&lt;/AlterField&gt;&lt;/workflow&gt;&lt;/operationSequence&gt;</Process><Process ToolSource="d:\semester 7\skripsi\tools\arcgis\pro\Resources\ArcToolbox\toolboxes\Data Management Tools.tbx\Append" Date="20250102" Time="155003">Append Gorontalo DLKr "Skip and warn if schema does not match" # # # # NOT_UPDATE_GEOMETRY</Process><Process ToolSource="d:\semester 7\skripsi\tools\arcgis\pro\Resources\ArcToolbox\toolboxes\Data Management Tools.tbx\Append" Date="20250102" Time="155043">Append Gorontalo DLKr "Use the field map to reconcile field differences" "Nama "Nama" true true false 255 Text 0 0,First,#" # # # NOT_UPDATE_GEOMETRY</Process><Process ToolSource="d:\semester 7\skripsi\tools\arcgis\pro\Resources\ArcToolbox\toolboxes\Data Management Tools.tbx\Append" Date="20250102" Time="155112">Append Merauke DLKr "Use the field map to reconcile field differences" "Nama "Nama" true true false 255 Text 0 0,First,#" # # # NOT_UPDATE_GEOMETRY</Process><Process ToolSource="d:\semester 7\skripsi\tools\arcgis\pro\Resources\ArcToolbox\toolboxes\Data Management Tools.tbx\Append" Date="20250102" Time="155146">Append 'Pangkalan Susu' DLKr "Use the field map to reconcile field differences" "Nama "Nama" true true false 255 Text 0 0,First,#" # # # NOT_UPDATE_GEOMETRY</Process><Process ToolSource="d:\semester 7\skripsi\tools\arcgis\pro\Resources\ArcToolbox\toolboxes\Data Management Tools.tbx\Append" Date="20250102" Time="155206">Append Bengkalis DLKr "Use the field map to reconcile field differences" "Nama "Nama" true true false 255 Text 0 0,First,#" # # # NOT_UPDATE_GEOMETRY</Process><Process ToolSource="d:\semester 7\skripsi\tools\arcgis\pro\Resources\ArcToolbox\toolboxes\Data Management Tools.tbx\Append" Date="20250102" Time="155223">Append Muntok DLKr "Use the field map to reconcile field differences" "Nama "Nama" true true false 255 Text 0 0,First,#" # # # NOT_UPDATE_GEOMETRY</Process><Process ToolSource="d:\semester 7\skripsi\tools\arcgis\pro\Resources\ArcToolbox\toolboxes\Data Management Tools.tbx\Append" Date="20250102" Time="155246">Append Kendari DLKr "Use the field map to reconcile field differences" "Nama "Nama" true true false 255 Text 0 0,First,#" # # # NOT_UPDATE_GEOMETRY</Process><Process ToolSource="d:\semester 7\skripsi\tools\arcgis\pro\Resources\ArcToolbox\toolboxes\Data Management Tools.tbx\Append" Date="20250102" Time="155301">Append 'Tanjung Laut' DLKr "Use the field map to reconcile field differences" "Nama "Nama" true true false 255 Text 0 0,First,#" # # # NOT_UPDATE_GEOMETRY</Process><Process ToolSource="d:\semester 7\skripsi\tools\arcgis\pro\Resources\ArcToolbox\toolboxes\Data Management Tools.tbx\Append" Date="20250102" Time="155320">Append Kumai DLKr "Use the field map to reconcile field differences" "Nama "Nama" true true false 255 Text 0 0,First,#" # # # NOT_UPDATE_GEOMETRY</Process><Process ToolSource="d:\semester 7\skripsi\tools\arcgis\pro\Resources\ArcToolbox\toolboxes\Data Management Tools.tbx\Append" Date="20250102" Time="155340">Append Banjarmasin DLKr "Use the field map to reconcile field differences" "Nama "Nama" true true false 255 Text 0 0,First,#" # # # NOT_UPDATE_GEOMETRY</Process><Process ToolSource="d:\semester 7\skripsi\tools\arcgis\pro\Resources\ArcToolbox\toolboxes\Data Management Tools.tbx\Append" Date="20250102" Time="155402">Append CelukanBawang DLKr "Use the field map to reconcile field differences" "Nama "Nama" true true false 255 Text 0 0,First,#" # # # NOT_UPDATE_GEOMETRY</Process><Process ToolSource="d:\semester 7\skripsi\tools\arcgis\pro\Resources\ArcToolbox\toolboxes\Data Management Tools.tbx\Append" Date="20250102" Time="155421">Append Ambon DLKr "Use the field map to reconcile field differences" "Nama "Nama" true true false 255 Text 0 0,First,#" # # # NOT_UPDATE_GEOMETRY</Process><Process ToolSource="d:\semester 7\skripsi\tools\arcgis\pro\Resources\ArcToolbox\toolboxes\Data Management Tools.tbx\Append" Date="20250102" Time="155452">Append Balikpapan DLKr "Use the field map to reconcile field differences" "Nama "Nama" true true false 255 Text 0 0,First,#" # # # NOT_UPDATE_GEOMETRY</Process><Process ToolSource="d:\semester 7\skripsi\tools\arcgis\pro\Resources\ArcToolbox\toolboxes\Data Management Tools.tbx\Append" Date="20250102" Time="155511">Append Kupang DLKr "Use the field map to reconcile field differences" "Nama "Nama" true true false 255 Text 0 0,First,#" # # # NOT_UPDATE_GEOMETRY</Process><Process ToolSource="d:\semester 7\skripsi\tools\arcgis\pro\Resources\ArcToolbox\toolboxes\Data Management Tools.tbx\Append" Date="20250102" Time="155532">Append Semarang DLKr "Use the field map to reconcile field differences" "Nama "Nama" true true false 255 Text 0 0,First,#" # # # NOT_UPDATE_GEOMETRY</Process><Process ToolSource="d:\semester 7\skripsi\tools\arcgis\pro\Resources\ArcToolbox\toolboxes\Data Management Tools.tbx\Append" Date="20250102" Time="155546">Append Semarang DLKr "Use the field map to reconcile field differences" "Nama "Nama" true true false 255 Text 0 0,First,#" # # # NOT_UPDATE_GEOMETRY</Process><Process ToolSource="d:\semester 7\skripsi\tools\arcgis\pro\Resources\ArcToolbox\toolboxes\Data Management Tools.tbx\Append" Date="20250102" Time="155609">Append Palembang DLKr "Use the field map to reconcile field differences" "Nama "Nama" true true false 255 Text 0 0,First,#" # # # NOT_UPDATE_GEOMETRY</Process><Process ToolSource="d:\semester 7\skripsi\tools\arcgis\pro\Resources\ArcToolbox\toolboxes\Data Management Tools.tbx\Append" Date="20250102" Time="155648">Append Gresik DLKr "Use the field map to reconcile field differences" "Nama "Nama" true true false 255 Text 0 0,First,#" # # # NOT_UPDATE_GEOMETRY</Process><Process ToolSource="d:\semester 7\skripsi\tools\arcgis\pro\Resources\ArcToolbox\toolboxes\Data Management Tools.tbx\Append" Date="20250102" Time="155717">Append TanjungPerak DLKr "Use the field map to reconcile field differences" "Nama "Nama" true true false 255 Text 0 0,First,#" # # # NOT_UPDATE_GEOMETRY</Process><Process ToolSource="d:\semester 7\skripsi\tools\arcgis\pro\Resources\ArcToolbox\toolboxes\Data Management Tools.tbx\Append" Date="20250102" Time="155734">Append Pontianak DLKr "Use the field map to reconcile field differences" "Nama "Nama" true true false 255 Text 0 0,First,#" # # # NOT_UPDATE_GEOMETRY</Process><Process ToolSource="d:\semester 7\skripsi\tools\arcgis\pro\Resources\ArcToolbox\toolboxes\Data Management Tools.tbx\Append" Date="20250102" Time="155759">Append TelukBayur DLKr "Use the field map to reconcile field differences" "Nama "Nama" true true false 255 Text 0 0,First,#" # # # NOT_UPDATE_GEOMETRY</Process><Process ToolSource="d:\semester 7\skripsi\tools\arcgis\pro\Resources\ArcToolbox\toolboxes\Data Management Tools.tbx\Append" Date="20250102" Time="155819">Append Makassar DLKr "Use the field map to reconcile field differences" "Nama "Nama" true true false 255 Text 0 0,First,#" # # # NOT_UPDATE_GEOMETRY</Process><Process ToolSource="d:\semester 7\skripsi\tools\arcgis\pro\Resources\ArcToolbox\toolboxes\Data Management Tools.tbx\Append" Date="20250102" Time="155833">Append Jayapura DLKr "Use the field map to reconcile field differences" "Nama "Nama" true true false 255 Text 0 0,First,#" # # # NOT_UPDATE_GEOMETRY</Process><Process ToolSource="d:\semester 7\skripsi\tools\arcgis\pro\Resources\ArcToolbox\toolboxes\Data Management Tools.tbx\Append" Date="20250102" Time="155902">Append Dumai DLKr "Use the field map to reconcile field differences" "Nama "Nama" true true false 255 Text 0 0,First,#" # # # NOT_UPDATE_GEOMETRY</Process><Process ToolSource="d:\semester 7\skripsi\tools\arcgis\pro\Resources\ArcToolbox\toolboxes\Data Management Tools.tbx\Append" Date="20250102" Time="155920">Append Belawan DLKr "Use the field map to reconcile field differences" "Nama "Nama" true true false 255 Text 0 0,First,#" # # # NOT_UPDATE_GEOMETRY</Process><Process ToolSource="d:\semester 7\skripsi\tools\arcgis\pro\Resources\ArcToolbox\toolboxes\Data Management Tools.tbx\Append" Date="20250102" Time="155942">Append Dumai DLKr "Use the field map to reconcile field differences" "Nama "Nama" true true false 255 Text 0 0,First,#" # # # NOT_UPDATE_GEOMETRY</Process><Process ToolSource="d:\semester 7\skripsi\tools\arcgis\pro\Resources\ArcToolbox\toolboxes\Data Management Tools.tbx\Append" Date="20250102" Time="160006">Append Dumai DLKr "Use the field map to reconcile field differences" "Nama "Nama" true true false 255 Text 0 0,First,#" # # # NOT_UPDATE_GEOMETRY</Process><Process ToolSource="d:\semester 7\skripsi\tools\arcgis\pro\Resources\ArcToolbox\toolboxes\Data Management Tools.tbx\Append" Date="20250102" Time="160017">Append Benoa_DLKR_Perairan DLKr "Use the field map to reconcile field differences" "Nama "Nama" true true false 255 Text 0 0,First,#" # # # NOT_UPDATE_GEOMETRY</Process><Process ToolSource="d:\semester 7\skripsi\tools\arcgis\pro\Resources\ArcToolbox\toolboxes\Data Management Tools.tbx\Append" Date="20250105" Time="180230">Append DLKr_bukan_WPI DLKr "Use the field map to reconcile field differences" "Nama "Nama" true true false 255 Text 0 0,First,#" # # # NOT_UPDATE_GEOMETRY</Process><Process ToolSource="d:\semester 7\skripsi\tools\arcgis\pro\Resources\ArcToolbox\toolboxes\Data Management Tools.tbx\Append" Date="20250125" Time="110420">Append Lhokseumawe_DLKr_Perairan_Area DLKr "Skip and warn if schema does not match" # # # # NOT_UPDATE_GEOMETRY</Process><Process ToolSource="d:\semester 7\skripsi\tools\arcgis\pro\Resources\ArcToolbox\toolboxes\Data Management Tools.tbx\Append" Date="20250125" Time="110522">Append Lhokseumawe_DLKr_Perairan_Area DLKr "Use the field map to reconcile field differences" "Nama "Nama" true true false 255 Text 0 0,First,#" # # # NOT_UPDATE_GEOMETRY</Process><Process ToolSource="d:\semester 7\skripsi\tools\arcgis\pro\Resources\ArcToolbox\toolboxes\Data Management Tools.tbx\Merge" Date="20250125" Time="110704">Merge DLKr;DLKr_bukan_WPI C:\Users\asus\Documents\ArcGIS\Projects\DLKrDLKp\DLKrDLKp.gdb\DLKrIndo "Shape_Length "Shape_Length" false true true 8 Double 0 0,First,#,DLKr,Shape_Length,-1,-1,DLKr_bukan_WPI,Shape_Length,-1,-1;Shape_Area "Shape_Area" false true true 8 Double 0 0,First,#,DLKr,Shape_Area,-1,-1,DLKr_bukan_WPI,Shape_Area,-1,-1;Nama "Nama" true true false 255 Text 0 0,First,#,DLKr,Nama,0,254,DLKr_bukan_WPI,Nama,0,254" NO_SOURCE_INFO</Process><Process ToolSource="d:\semester 7\skripsi\tools\arcgis\pro\Resources\ArcToolbox\toolboxes\Data Management Tools.tbx\FeatureToPolygon" Date="20250125" Time="110831">FeatureToPolygon DLKrIndo C:\Users\asus\Documents\ArcGIS\Projects\DLKrDLKp\DLKrDLKp.gdb\DLKrIndo_FeatureToPolygon # ATTRIBUTES #</Process><Process ToolSource="d:\semester 7\skripsi\tools\arcgis\pro\Resources\ArcToolbox\toolboxes\Analysis Tools.tbx\SpatialJoin" Date="20250125" Time="113003">SpatialJoin DLKrIndo_FeatureToPolygon DLKrIndo "D:\Semester 7\Skripsi\Data\DLKrDLKp\Final\DLKrIndo_FeatureToPolygon_SpatialJoin.shp" "Join one to one" KEEP_ALL "FID_DLKrIndo "FID_DLKrIndo" true true false 4 Long 0 0,First,#,DLKrIndo_FeatureToPolygon,FID_DLKrIndo,-1,-1;Nama "Nama" true true false 255 Text 0 0,First,#,DLKrIndo_FeatureToPolygon,Nama,0,254;Shape_Length "Shape_Length" false true true 8 Double 0 0,First,#,DLKrIndo_FeatureToPolygon,Shape_Length,-1,-1;Shape_Area "Shape_Area" false true true 8 Double 0 0,First,#,DLKrIndo_FeatureToPolygon,Shape_Area,-1,-1;Nama_1 "Nama" true true false 255 Text 0 0,First,#,DLKrIndo,Nama,0,254;Shape_Length_1 "Shape_Length" false true true 8 Double 0 0,First,#,DLKrIndo,Shape_Length,-1,-1;Shape_Area_1 "Shape_Area" false true true 8 Double 0 0,First,#,DLKrIndo,Shape_Area,-1,-1" Intersect # # #</Process><Process ToolSource="d:\semester 7\skripsi\tools\arcgis\pro\Resources\ArcToolbox\toolboxes\Data Management Tools.tbx\UpdateSchema" Date="20250125" Time="113124">UpdateSchema "CIMDATA=&lt;CIMStandardDataConnection xsi:type='typens:CIMStandardDataConnection' xmlns:xsi='http://www.w3.org/2001/XMLSchema-instance' xmlns:xs='http://www.w3.org/2001/XMLSchema' xmlns:typens='http://www.esri.com/schemas/ArcGIS/3.3.0'&gt;&lt;WorkspaceConnectionString&gt;DATABASE=D:\Semester 7\Skripsi\Data\DLKrDLKp\Final&lt;/WorkspaceConnectionString&gt;&lt;WorkspaceFactory&gt;Shapefile&lt;/WorkspaceFactory&gt;&lt;Dataset&gt;DLKrIndo_FeatureToPolygon_SpatialJoin&lt;/Dataset&gt;&lt;DatasetType&gt;esriDTFeatureClass&lt;/DatasetType&gt;&lt;/CIMStandardDataConnection&gt;" &lt;operationSequence&gt;&lt;workflow&gt;&lt;DeleteField&gt;&lt;field_name&gt;Join_Count&lt;/field_name&gt;&lt;field_name&gt;TARGET_FID&lt;/field_name&gt;&lt;field_name&gt;FID_DLKrIn&lt;/field_name&gt;&lt;field_name&gt;Nama&lt;/field_name&gt;&lt;field_name&gt;Shape_Le_1&lt;/field_name&gt;&lt;field_name&gt;Shape_Ar_1&lt;/field_name&gt;&lt;/DeleteField&gt;&lt;/workflow&gt;&lt;/operationSequence&gt;</Process><Process ToolSource="d:\semester 7\skripsi\tools\arcgis\pro\Resources\ArcToolbox\toolboxes\Data Management Tools.tbx\UpdateSchema" Date="20250125" Time="113603">UpdateSchema "CIMDATA=&lt;CIMStandardDataConnection xsi:type='typens:CIMStandardDataConnection' xmlns:xsi='http://www.w3.org/2001/XMLSchema-instance' xmlns:xs='http://www.w3.org/2001/XMLSchema' xmlns:typens='http://www.esri.com/schemas/ArcGIS/3.3.0'&gt;&lt;WorkspaceConnectionString&gt;DATABASE=D:\Semester 7\Skripsi\Data\DLKrDLKp\Final&lt;/WorkspaceConnectionString&gt;&lt;WorkspaceFactory&gt;Shapefile&lt;/WorkspaceFactory&gt;&lt;Dataset&gt;DLKrIndo_FeatureToPolygon_SpatialJoin&lt;/Dataset&gt;&lt;DatasetType&gt;esriDTFeatureClass&lt;/DatasetType&gt;&lt;/CIMStandardDataConnection&gt;" &lt;operationSequence&gt;&lt;workflow&gt;&lt;AddField&gt;&lt;field_name&gt;Ang_Laut&lt;/field_name&gt;&lt;field_type&gt;TEXT&lt;/field_type&gt;&lt;field_precision&gt;0&lt;/field_precision&gt;&lt;field_scale&gt;0&lt;/field_scale&gt;&lt;field_length&gt;255&lt;/field_length&gt;&lt;field_is_nullable&gt;False&lt;/field_is_nullable&gt;&lt;field_is_required&gt;False&lt;/field_is_required&gt;&lt;/AddField&gt;&lt;/workflow&gt;&lt;workflow&gt;&lt;AddField&gt;&lt;field_name&gt;AngSebrang&lt;/field_name&gt;&lt;field_type&gt;TEXT&lt;/field_type&gt;&lt;field_precision&gt;0&lt;/field_precision&gt;&lt;field_scale&gt;0&lt;/field_scale&gt;&lt;field_length&gt;255&lt;/field_length&gt;&lt;field_is_nullable&gt;False&lt;/field_is_nullable&gt;&lt;field_is_required&gt;False&lt;/field_is_required&gt;&lt;/AddField&gt;&lt;/workflow&gt;&lt;workflow&gt;&lt;AddField&gt;&lt;field_name&gt;S_D&lt;/field_name&gt;&lt;field_type&gt;TEXT&lt;/field_type&gt;&lt;field_precision&gt;0&lt;/field_precision&gt;&lt;field_scale&gt;0&lt;/field_scale&gt;&lt;field_length&gt;255&lt;/field_length&gt;&lt;field_is_nullable&gt;False&lt;/field_is_nullable&gt;&lt;field_is_required&gt;False&lt;/field_is_required&gt;&lt;/AddField&gt;&lt;/workflow&gt;&lt;/operationSequence&gt;</Process><Process ToolSource="d:\semester 7\skripsi\tools\arcgis\pro\Resources\ArcToolbox\Toolboxes\Data Management Tools.tbx\UpdateSchema" Date="20250127" Time="041504">UpdateSchema "CIMDATA=&lt;CIMStandardDataConnection xsi:type='typens:CIMStandardDataConnection' xmlns:xsi='http://www.w3.org/2001/XMLSchema-instance' xmlns:xs='http://www.w3.org/2001/XMLSchema' xmlns:typens='http://www.esri.com/schemas/ArcGIS/3.3.0'&gt;&lt;WorkspaceConnectionString&gt;DATABASE=D:\Semester 7\Skripsi\Data\DLKrDLKp\Final&lt;/WorkspaceConnectionString&gt;&lt;WorkspaceFactory&gt;Shapefile&lt;/WorkspaceFactory&gt;&lt;Dataset&gt;DLKrIndo_FeatureToPolygon_SpatialJoin&lt;/Dataset&gt;&lt;DatasetType&gt;esriDTFeatureClass&lt;/DatasetType&gt;&lt;/CIMStandardDataConnection&gt;" &lt;operationSequence&gt;&lt;workflow&gt;&lt;DeleteField&gt;&lt;field_name&gt;Ang_Laut&lt;/field_name&gt;&lt;field_name&gt;AngSebrang&lt;/field_name&gt;&lt;field_name&gt;S_D&lt;/field_name&gt;&lt;/DeleteField&gt;&lt;/workflow&gt;&lt;/operationSequence&gt;</Process><Process ToolSource="d:\semester 7\skripsi\tools\arcgis\pro\Resources\ArcToolbox\Toolboxes\Data Management Tools.tbx\UpdateSchema" Date="20250127" Time="041911">UpdateSchema "CIMDATA=&lt;CIMStandardDataConnection xsi:type='typens:CIMStandardDataConnection' xmlns:xsi='http://www.w3.org/2001/XMLSchema-instance' xmlns:xs='http://www.w3.org/2001/XMLSchema' xmlns:typens='http://www.esri.com/schemas/ArcGIS/3.3.0'&gt;&lt;WorkspaceConnectionString&gt;DATABASE=D:\Semester 7\Skripsi\Data\DLKrDLKp\Final&lt;/WorkspaceConnectionString&gt;&lt;WorkspaceFactory&gt;Shapefile&lt;/WorkspaceFactory&gt;&lt;Dataset&gt;DLKrIndo_FeatureToPolygon_SpatialJoin&lt;/Dataset&gt;&lt;DatasetType&gt;esriDTFeatureClass&lt;/DatasetType&gt;&lt;/CIMStandardDataConnection&gt;" &lt;operationSequence&gt;&lt;workflow&gt;&lt;AddField&gt;&lt;field_name&gt;Hirarki_1&lt;/field_name&gt;&lt;field_type&gt;SHORT&lt;/field_type&gt;&lt;field_precision&gt;0&lt;/field_precision&gt;&lt;field_scale&gt;0&lt;/field_scale&gt;&lt;field_is_nullable&gt;False&lt;/field_is_nullable&gt;&lt;field_is_required&gt;False&lt;/field_is_required&gt;&lt;/AddField&gt;&lt;/workflow&gt;&lt;workflow&gt;&lt;AddField&gt;&lt;field_name&gt;Hirarki_2&lt;/field_name&gt;&lt;field_type&gt;SHORT&lt;/field_type&gt;&lt;field_is_nullable&gt;False&lt;/field_is_nullable&gt;&lt;field_is_required&gt;False&lt;/field_is_required&gt;&lt;/AddField&gt;&lt;/workflow&gt;&lt;workflow&gt;&lt;AddField&gt;&lt;field_name&gt;Hirarki_3&lt;/field_name&gt;&lt;field_type&gt;SHORT&lt;/field_type&gt;&lt;field_is_nullable&gt;False&lt;/field_is_nullable&gt;&lt;field_is_required&gt;False&lt;/field_is_required&gt;&lt;/AddField&gt;&lt;/workflow&gt;&lt;/operationSequence&gt;</Process><Process ToolSource="d:\semester 7\skripsi\tools\arcgis\pro\Resources\ArcToolbox\Toolboxes\Data Management Tools.tbx\UpdateSchema" Date="20250127" Time="042159">UpdateSchema "CIMDATA=&lt;CIMStandardDataConnection xsi:type='typens:CIMStandardDataConnection' xmlns:xsi='http://www.w3.org/2001/XMLSchema-instance' xmlns:xs='http://www.w3.org/2001/XMLSchema' xmlns:typens='http://www.esri.com/schemas/ArcGIS/3.3.0'&gt;&lt;WorkspaceConnectionString&gt;DATABASE=D:\Semester 7\Skripsi\Data\DLKrDLKp\Final&lt;/WorkspaceConnectionString&gt;&lt;WorkspaceFactory&gt;Shapefile&lt;/WorkspaceFactory&gt;&lt;Dataset&gt;DLKrIndo_FeatureToPolygon_SpatialJoin&lt;/Dataset&gt;&lt;DatasetType&gt;esriDTFeatureClass&lt;/DatasetType&gt;&lt;/CIMStandardDataConnection&gt;" &lt;operationSequence&gt;&lt;workflow&gt;&lt;AddField&gt;&lt;field_name&gt;Ket_1&lt;/field_name&gt;&lt;field_type&gt;TEXT&lt;/field_type&gt;&lt;field_length&gt;255&lt;/field_length&gt;&lt;field_is_nullable&gt;False&lt;/field_is_nullable&gt;&lt;field_is_required&gt;False&lt;/field_is_required&gt;&lt;/AddField&gt;&lt;/workflow&gt;&lt;workflow&gt;&lt;AddField&gt;&lt;field_name&gt;Ket_2&lt;/field_name&gt;&lt;field_type&gt;TEXT&lt;/field_type&gt;&lt;field_length&gt;255&lt;/field_length&gt;&lt;field_is_nullable&gt;False&lt;/field_is_nullable&gt;&lt;field_is_required&gt;False&lt;/field_is_required&gt;&lt;/AddField&gt;&lt;/workflow&gt;&lt;/operationSequence&gt;</Process><Process ToolSource="d:\semester 7\skripsi\tools\arcgis\pro\Resources\ArcToolbox\toolboxes\Data Management Tools.tbx\CalculateField" Date="20250127" Time="042507">CalculateField DLKrIndo_FeatureToPolygon_SpatialJoin Ket_1 !Hirarki_1! Python "def classify(hirarki):
    if hirarki == 1:
        return "Pelabuhan Utama"
    elif hirarki == 2:
        return "Pelabuhan Pengumpan Regional"
    elif hirarki == 3:
        return "Pelabuhan Pengumpan Lokal"
    else:
        return "Tidak Diketahui"
" Text NO_ENFORCE_DOMAINS</Process><Process ToolSource="d:\semester 7\skripsi\tools\arcgis\pro\Resources\ArcToolbox\toolboxes\Data Management Tools.tbx\CalculateField" Date="20250127" Time="042645">CalculateField DLKrIndo_FeatureToPolygon_SpatialJoin Ket_1 !Hirarki_1! Python "def classify(hirarki):
    if hirarki == 1:
        return "Rendah"
    elif hirarki == 2:
        return "Sedang"
    elif hirarki == 3:
        return "Tinggi"
    else:
        return "Tidak Diketahui"
" Text NO_ENFORCE_DOMAINS</Process><Process ToolSource="d:\semester 7\skripsi\tools\arcgis\pro\Resources\ArcToolbox\toolboxes\Data Management Tools.tbx\CalculateField" Date="20250127" Time="042818">CalculateField DLKrIndo_FeatureToPolygon_SpatialJoin Ket_1 classify(!Hirarki_1!) Python "def classify(hirarki):
    if hirarki == 1:
        return "Rendah"
    elif hirarki == 2:
        return "Sedang"
    elif hirarki == 3:
        return "Tinggi"
    else:
        return "Tidak Diketahui"
" Text NO_ENFORCE_DOMAINS</Process><Process ToolSource="d:\semester 7\skripsi\tools\arcgis\pro\Resources\ArcToolbox\toolboxes\Data Management Tools.tbx\CalculateField" Date="20250127" Time="042902">CalculateField DLKrIndo_FeatureToPolygon_SpatialJoin Ket_1 classify(!Hirarki_1!) Python "def classify(hirarki):
    if hirarki == 1:
        return "Pelabuhan Utama"
    elif hirarki == 2:
        return "Pelabuhan Pengumpan Regional"
    elif hirarki == 3:
        return "Pelabuhan Pengumpan Lokal"
    else:
        return "Tidak Diketahui"
" Text NO_ENFORCE_DOMAINS</Process><Process ToolSource="d:\semester 7\skripsi\tools\arcgis\pro\Resources\ArcToolbox\toolboxes\Data Management Tools.tbx\UpdateSchema" Date="20250127" Time="043135">UpdateSchema "CIMDATA=&lt;CIMStandardDataConnection xsi:type='typens:CIMStandardDataConnection' xmlns:xsi='http://www.w3.org/2001/XMLSchema-instance' xmlns:xs='http://www.w3.org/2001/XMLSchema' xmlns:typens='http://www.esri.com/schemas/ArcGIS/3.3.0'&gt;&lt;WorkspaceConnectionString&gt;DATABASE=D:\Semester 7\Skripsi\Data\DLKrDLKp\Final&lt;/WorkspaceConnectionString&gt;&lt;WorkspaceFactory&gt;Shapefile&lt;/WorkspaceFactory&gt;&lt;Dataset&gt;DLKrIndo_FeatureToPolygon_SpatialJoin&lt;/Dataset&gt;&lt;DatasetType&gt;esriDTFeatureClass&lt;/DatasetType&gt;&lt;/CIMStandardDataConnection&gt;" &lt;operationSequence&gt;&lt;workflow&gt;&lt;AddField&gt;&lt;field_name&gt;Prov_ID&lt;/field_name&gt;&lt;field_type&gt;SHORT&lt;/field_type&gt;&lt;field_is_nullable&gt;False&lt;/field_is_nullable&gt;&lt;field_is_required&gt;False&lt;/field_is_required&gt;&lt;/AddField&gt;&lt;/workflow&gt;&lt;/operationSequence&gt;</Process><Process ToolSource="d:\semester 7\skripsi\tools\arcgis\pro\Resources\ArcToolbox\toolboxes\Data Management Tools.tbx\CalculateField" Date="20250127" Time="054256">CalculateField DLKrIndo_FeatureToPolygon_SpatialJoin Ket_1 classify(!Hirarki_1!) Python "def classify(hirarki):
    if hirarki == 1:
        return "Pelabuhan Utama"
    elif hirarki == 2:
        return "Pelabuhan Pengumpul"
    elif hirarki == 3:
        return "Pelabuhan Pengumpan Regional"
    elif hirarki == 4:
        return "Pelabuhan Pengumpan Lokal"
    else:
        return "Tidak Diketahui"
" Text NO_ENFORCE_DOMAINS</Process><Process ToolSource="d:\semester 7\skripsi\tools\arcgis\pro\Resources\ArcToolbox\toolboxes\Data Management Tools.tbx\CalculateField" Date="20250127" Time="054331">CalculateField DLKrIndo_FeatureToPolygon_SpatialJoin Ket_1 classify(!Hirarki_1!) Python "def classify(hirarki):
    if hirarki == 1:
        return "Pelabuhan Utama"
    elif hirarki == 2:
        return "Pelabuhan Pengumpul"
    elif hirarki == 3:
        return "Pelabuhan Pengumpan Regional"
    elif hirarki == 4:
        return "Pelabuhan Pengumpan Lokal"
    else:
        return "Tidak Diketahui"
" Text NO_ENFORCE_DOMAINS</Process><Process ToolSource="d:\semester 7\skripsi\tools\arcgis\pro\Resources\ArcToolbox\toolboxes\Data Management Tools.tbx\CalculateField" Date="20250127" Time="054446">CalculateField DLKrIndo_FeatureToPolygon_SpatialJoin Ket_1 classify(!Hirarki_1!) Python "def classify(hirarki):
    if hirarki == 1:
        return "Pelabuhan Utama"
    elif hirarki == 2:
        return "Pelabuhan Pengumpul"
    elif hirarki == 3:
        return "Pelabuhan Pengumpan Regional"
    elif hirarki == 4:
        return "Pelabuhan Pengumpan Lokal"
    else:
        return "Tidak Diketahui"
" Text NO_ENFORCE_DOMAINS</Process><Process ToolSource="d:\semester 7\skripsi\tools\arcgis\pro\Resources\ArcToolbox\toolboxes\Data Management Tools.tbx\UpdateSchema" Date="20250127" Time="054601">UpdateSchema "CIMDATA=&lt;CIMStandardDataConnection xsi:type='typens:CIMStandardDataConnection' xmlns:xsi='http://www.w3.org/2001/XMLSchema-instance' xmlns:xs='http://www.w3.org/2001/XMLSchema' xmlns:typens='http://www.esri.com/schemas/ArcGIS/3.3.0'&gt;&lt;WorkspaceConnectionString&gt;DATABASE=D:\Semester 7\Skripsi\Data\DLKrDLKp\Final&lt;/WorkspaceConnectionString&gt;&lt;WorkspaceFactory&gt;Shapefile&lt;/WorkspaceFactory&gt;&lt;Dataset&gt;DLKrIndo_FeatureToPolygon_SpatialJoin&lt;/Dataset&gt;&lt;DatasetType&gt;esriDTFeatureClass&lt;/DatasetType&gt;&lt;/CIMStandardDataConnection&gt;" &lt;operationSequence&gt;&lt;workflow&gt;&lt;DeleteField&gt;&lt;field_name&gt;Hirarki_2&lt;/field_name&gt;&lt;field_name&gt;Hirarki_3&lt;/field_name&gt;&lt;field_name&gt;Ket_2&lt;/field_name&gt;&lt;/DeleteField&gt;&lt;/workflow&gt;&lt;/operationSequence&gt;</Process><Process ToolSource="d:\semester 7\skripsi\tools\arcgis\pro\Resources\ArcToolbox\toolboxes\Data Management Tools.tbx\CalculateField" Date="20250127" Time="064446">CalculateField DLKrIndo_FeatureToPolygon_SpatialJoin Ket_1 classify(!Hirarki_1!) Python "def classify(hirarki):
    if hirarki == 1:
        return "Pelabuhan Utama"
    elif hirarki == 2:
        return "Pelabuhan Pengumpul"
    elif hirarki == 3:
        return "Pelabuhan Pengumpan Regional"
    elif hirarki == 4:
        return "Pelabuhan Pengumpan Lokal"
    else:
        return "Tidak Diketahui"
" Text NO_ENFORCE_DOMAINS</Process><Process ToolSource="d:\semester 7\skripsi\tools\arcgis\pro\Resources\ArcToolbox\toolboxes\Data Management Tools.tbx\CalculateField" Date="20250127" Time="071120">CalculateField DLKrIndo_FeatureToPolygon_SpatialJoin Prov_ID classify(!Hirarki_1!) Python "def classify(hirarki):
    if hirarki == 1:
        return "Pelabuhan Utama"
    elif hirarki == 2:
        return "Pelabuhan Pengumpul"
    elif hirarki == 3:
        return "Pelabuhan Pengumpan Regional"
    elif hirarki == 4:
        return "Pelabuhan Pengumpan Lokal"
    else:
        return "Tidak Diketahui"
" Text NO_ENFORCE_DOMAINS</Process><Process ToolSource="d:\semester 7\skripsi\tools\arcgis\pro\Resources\ArcToolbox\toolboxes\Data Management Tools.tbx\CalculateField" Date="20250127" Time="071147">CalculateField DLKrIndo_FeatureToPolygon_SpatialJoin Ket_1 classify(!Hirarki_1!) Python "def classify(hirarki):
    if hirarki == 1:
        return "Pelabuhan Utama"
    elif hirarki == 2:
        return "Pelabuhan Pengumpul"
    elif hirarki == 3:
        return "Pelabuhan Pengumpan Regional"
    elif hirarki == 4:
        return "Pelabuhan Pengumpan Lokal"
    else:
        return "Tidak Diketahui"
" Text NO_ENFORCE_DOMAINS</Process><Process ToolSource="d:\semester 7\skripsi\tools\arcgis\pro\Resources\ArcToolbox\Toolboxes\Data Management Tools.tbx\UpdateSchema" Date="20250127" Time="141344">UpdateSchema "CIMDATA=&lt;CIMStandardDataConnection xsi:type='typens:CIMStandardDataConnection' xmlns:xsi='http://www.w3.org/2001/XMLSchema-instance' xmlns:xs='http://www.w3.org/2001/XMLSchema' xmlns:typens='http://www.esri.com/schemas/ArcGIS/3.3.0'&gt;&lt;WorkspaceConnectionString&gt;DATABASE=D:\Semester 7\Skripsi\Data\DLKrDLKp\Final&lt;/WorkspaceConnectionString&gt;&lt;WorkspaceFactory&gt;Shapefile&lt;/WorkspaceFactory&gt;&lt;Dataset&gt;DLKrIndo_FeatureToPolygon_SpatialJoin&lt;/Dataset&gt;&lt;DatasetType&gt;esriDTFeatureClass&lt;/DatasetType&gt;&lt;/CIMStandardDataConnection&gt;" &lt;operationSequence&gt;&lt;workflow&gt;&lt;AddField&gt;&lt;field_name&gt;Prov_Name&lt;/field_name&gt;&lt;field_type&gt;LONG&lt;/field_type&gt;&lt;field_is_nullable&gt;False&lt;/field_is_nullable&gt;&lt;field_is_required&gt;False&lt;/field_is_required&gt;&lt;/AddField&gt;&lt;/workflow&gt;&lt;/operationSequence&gt;</Process><Process ToolSource="d:\semester 7\skripsi\tools\arcgis\pro\Resources\ArcToolbox\Toolboxes\Data Management Tools.tbx\UpdateSchema" Date="20250127" Time="141437">UpdateSchema "CIMDATA=&lt;CIMStandardDataConnection xsi:type='typens:CIMStandardDataConnection' xmlns:xsi='http://www.w3.org/2001/XMLSchema-instance' xmlns:xs='http://www.w3.org/2001/XMLSchema' xmlns:typens='http://www.esri.com/schemas/ArcGIS/3.3.0'&gt;&lt;WorkspaceConnectionString&gt;DATABASE=D:\Semester 7\Skripsi\Data\DLKrDLKp\Final&lt;/WorkspaceConnectionString&gt;&lt;WorkspaceFactory&gt;Shapefile&lt;/WorkspaceFactory&gt;&lt;Dataset&gt;DLKrIndo_FeatureToPolygon_SpatialJoin&lt;/Dataset&gt;&lt;DatasetType&gt;esriDTFeatureClass&lt;/DatasetType&gt;&lt;/CIMStandardDataConnection&gt;" &lt;operationSequence&gt;&lt;workflow&gt;&lt;DeleteField&gt;&lt;field_name&gt;Prov_Name&lt;/field_name&gt;&lt;/DeleteField&gt;&lt;/workflow&gt;&lt;workflow&gt;&lt;AddField&gt;&lt;field_name&gt;Prov_Name&lt;/field_name&gt;&lt;field_type&gt;TEXT&lt;/field_type&gt;&lt;field_length&gt;255&lt;/field_length&gt;&lt;field_is_nullable&gt;False&lt;/field_is_nullable&gt;&lt;field_is_required&gt;False&lt;/field_is_required&gt;&lt;/AddField&gt;&lt;/workflow&gt;&lt;/operationSequence&gt;</Process><Process ToolSource="d:\semester 7\skripsi\tools\arcgis\pro\Resources\ArcToolbox\toolboxes\Data Management Tools.tbx\CalculateField" Date="20250127" Time="141620">CalculateField DLKrIndo_FeatureToPolygon_SpatialJoin Prov_Name classify_region(!Prov_ID!) Python "def classify_region(code):
    if code == 11:
        return "Aceh"
    elif code == 12:
        return "Sumatera Utara"
    elif code == 13:
        return "Sumatera Barat"
    elif code == 16:
        return "Sumatera Selatan"
    elif code == 14:
        return "Riau"
    elif code == 21:
        return "Kepulauan Riau"
    elif code == 15:
        return "Jambi"
    elif code == 17:
        return "Bengkulu"
    elif code == 18:
        return "Lampung"
    elif code == 19:
        return "Bangka Belitung"
    elif code == 31:
        return "DKI Jakarta"
    elif code == 36:
        return "Banten"
    elif code == 32:
        return "Jawa Barat"
    elif code == 33:
        return "Jawa Tengah"
    elif code == 34:
        return "DI Yogyakarta"
    elif code == 35:
        return "Jawa Timur"
    elif code == 51:
        return "Bali"
    elif code == 61:
        return "Kalimantan Barat"
    elif code == 62:
        return "Kalimantan Tengah"
    elif code == 63:
        return "Kalimantan Selatan"
    elif code == 64:
        return "Kalimantan Timur"
    elif code == 65:
        return "Kalimantan Utara"
    elif code == 52:
        return "Nusa Tenggara Barat"
    elif code == 53:
        return "Nusa Tenggara Timur"
    elif code == 71:
        return "Sulawesi Utara"
    elif code == 72:
        return "Sulawesi Tengah"
    elif code == 73:
        return "Sulawesi Selatan"
    elif code == 74:
        return "Sulawesi Tenggara"
    elif code == 75:
        return "Gorontalo"
    elif code == 76:
        return "Sulawesi Barat"
    elif code == 81:
        return "Maluku"
    elif code == 82:
        return "Maluku Utara"
    elif code == 91:
        return "Papua"
    elif code == 92:
        return "Papua Barat"
    else:
        return "Kode Tidak Dikenal"
" Text NO_ENFORCE_DOMAINS</Process><Process ToolSource="d:\semester 7\skripsi\tools\arcgis\pro\Resources\ArcToolbox\toolboxes\Data Management Tools.tbx\MultipartToSinglepart" Date="20250127" Time="145459">MultipartToSinglepart DLKrIndo_FeatureToPolygon_SpatialJoin "D:\Semester 7\Skripsi\Data\DLKrDLKp\Final\DLKr_Indo_ToSinglePart2.shp"</Process><Process ToolSource="d:\semester 7\skripsi\tools\arcgis\pro\Resources\ArcToolbox\toolboxes\Conversion Tools.tbx\ExportFeatures" Date="20250131" Time="221336">ExportFeatures DLKr_Indo_ToSinglePart2 "D:\Semester 7\Skripsi\Data\ArcGIS\git\aoi\Manual\DLKr_Indo_Final.shp" # NOT_USE_ALIAS "Shape_Leng "Shape_Leng" true true false 19 Double 0 0,First,#,DLKr_Indo_ToSinglePart2,Shape_Leng,-1,-1;Shape_Area "Shape_Area" true true false 19 Double 0 0,First,#,DLKr_Indo_ToSinglePart2,Shape_Area,-1,-1;Nama_1 "Nama_1" true true false 254 Text 0 0,First,#,DLKr_Indo_ToSinglePart2,Nama_1,0,253;Hirarki_1 "Hirarki_1" true true false 5 Long 0 5,First,#,DLKr_Indo_ToSinglePart2,Hirarki_1,-1,-1;Ket_1 "Ket_1" true true false 254 Text 0 0,First,#,DLKr_Indo_ToSinglePart2,Ket_1,0,253;Prov_ID "Prov_ID" true true false 5 Long 0 5,First,#,DLKr_Indo_ToSinglePart2,Prov_ID,-1,-1;Prov_Name "Prov_Name" true true false 254 Text 0 0,First,#,DLKr_Indo_ToSinglePart2,Prov_Name,0,253;ORIG_FID "ORIG_FID" true true false 10 Long 0 10,First,#,DLKr_Indo_ToSinglePart2,ORIG_FID,-1,-1" #</Process><Process ToolSource="d:\semester 7\skripsi\tools\arcgis\pro\Resources\ArcToolbox\toolboxes\Data Management Tools.tbx\UpdateSchema" Date="20250201" Time="103137">UpdateSchema "CIMDATA=&lt;CIMStandardDataConnection xsi:type='typens:CIMStandardDataConnection' xmlns:xsi='http://www.w3.org/2001/XMLSchema-instance' xmlns:xs='http://www.w3.org/2001/XMLSchema' xmlns:typens='http://www.esri.com/schemas/ArcGIS/3.3.0'&gt;&lt;WorkspaceConnectionString&gt;DATABASE=D:\Semester 7\Skripsi\Data\ArcGIS\git\aoi\Manual&lt;/WorkspaceConnectionString&gt;&lt;WorkspaceFactory&gt;Shapefile&lt;/WorkspaceFactory&gt;&lt;Dataset&gt;DLKr_Indo_Final&lt;/Dataset&gt;&lt;DatasetType&gt;esriDTFeatureClass&lt;/DatasetType&gt;&lt;/CIMStandardDataConnection&gt;" &lt;operationSequence&gt;&lt;workflow&gt;&lt;AddField&gt;&lt;field_name&gt;Kode_Pel&lt;/field_name&gt;&lt;field_type&gt;LONG&lt;/field_type&gt;&lt;field_is_nullable&gt;False&lt;/field_is_nullable&gt;&lt;field_is_required&gt;False&lt;/field_is_required&gt;&lt;/AddField&gt;&lt;/workflow&gt;&lt;/operationSequence&gt;</Process><Process ToolSource="d:\semester 7\skripsi\tools\arcgis\pro\Resources\ArcToolbox\toolboxes\Data Management Tools.tbx\UpdateSchema" Date="20250201" Time="103229">UpdateSchema "CIMDATA=&lt;CIMStandardDataConnection xsi:type='typens:CIMStandardDataConnection' xmlns:xsi='http://www.w3.org/2001/XMLSchema-instance' xmlns:xs='http://www.w3.org/2001/XMLSchema' xmlns:typens='http://www.esri.com/schemas/ArcGIS/3.3.0'&gt;&lt;WorkspaceConnectionString&gt;DATABASE=D:\Semester 7\Skripsi\Data\ArcGIS\git\aoi\Manual&lt;/WorkspaceConnectionString&gt;&lt;WorkspaceFactory&gt;Shapefile&lt;/WorkspaceFactory&gt;&lt;Dataset&gt;DLKr_Indo_Final&lt;/Dataset&gt;&lt;DatasetType&gt;esriDTFeatureClass&lt;/DatasetType&gt;&lt;/CIMStandardDataConnection&gt;" &lt;operationSequence&gt;&lt;workflow&gt;&lt;DeleteField&gt;&lt;field_name&gt;Kode_Pel&lt;/field_name&gt;&lt;/DeleteField&gt;&lt;/workflow&gt;&lt;workflow&gt;&lt;AddField&gt;&lt;field_name&gt;Kode&lt;/field_name&gt;&lt;field_type&gt;TEXT&lt;/field_type&gt;&lt;field_length&gt;255&lt;/field_length&gt;&lt;field_is_nullable&gt;False&lt;/field_is_nullable&gt;&lt;field_is_required&gt;False&lt;/field_is_required&gt;&lt;/AddField&gt;&lt;/workflow&gt;&lt;/operationSequence&gt;</Process><Process ToolSource="d:\semester 7\skripsi\tools\arcgis\pro\Resources\ArcToolbox\toolboxes\Data Management Tools.tbx\UpdateSchema" Date="20250201" Time="112310">UpdateSchema "CIMDATA=&lt;CIMStandardDataConnection xsi:type='typens:CIMStandardDataConnection' xmlns:xsi='http://www.w3.org/2001/XMLSchema-instance' xmlns:xs='http://www.w3.org/2001/XMLSchema' xmlns:typens='http://www.esri.com/schemas/ArcGIS/3.3.0'&gt;&lt;WorkspaceConnectionString&gt;DATABASE=D:\Semester 7\Skripsi\Data\ArcGIS\git\aoi\Manual&lt;/WorkspaceConnectionString&gt;&lt;WorkspaceFactory&gt;Shapefile&lt;/WorkspaceFactory&gt;&lt;Dataset&gt;DLKr_Indo_Final&lt;/Dataset&gt;&lt;DatasetType&gt;esriDTFeatureClass&lt;/DatasetType&gt;&lt;/CIMStandardDataConnection&gt;" &lt;operationSequence&gt;&lt;workflow&gt;&lt;DeleteField&gt;&lt;field_name&gt;ORIG_FID&lt;/field_name&gt;&lt;/DeleteField&gt;&lt;/workflow&gt;&lt;/operationSequence&gt;</Process><Process ToolSource="d:\semester 7\skripsi\tools\arcgis\pro\Resources\ArcToolbox\toolboxes\Data Management Tools.tbx\CopyFeatures" Date="20250315" Time="081306">CopyFeatures DLKr_Indo_Final "D:\Semester 7\Skripsi\Data\ArcGIS\git\aoi\Manual\Final\DLKr_Indo_Final.shp" # # # #</Process></lineage><itemProps><itemName Sync="TRUE">DLKr_Indo_Final</itemName><imsContentType Sync="TRUE">002</imsContentType><itemLocation><linkage Sync="TRUE">file://\\LAPTOP-HFM7B7IO\D$\Semester 7\Skripsi\Data\ArcGIS\git\aoi\Manual\Final\DLKr_Indo_Final.shp</linkage><protocol Sync="TRUE">Local Area Network</protocol></itemLocation><itemSize Sync="TRUE">0.000</itemSize></itemProps><coordRef><type Sync="TRUE">Geographic</type><geogcsn Sync="TRUE">GCS_WGS_1984</geogcsn><csUnits Sync="TRUE">Angular Unit: Degree (0.017453)</csUnits><peXml Sync="TRUE">&lt;GeographicCoordinateSystem xsi:type='typens:GeographicCoordinateSystem' xmlns:xsi='http://www.w3.org/2001/XMLSchema-instance' xmlns:xs='http://www.w3.org/2001/XMLSchema' xmlns:typens='http://www.esri.com/schemas/ArcGIS/3.3.0'&gt;&lt;WKT&gt;GEOGCS[&amp;quot;GCS_WGS_1984&amp;quot;,DATUM[&amp;quot;D_WGS_1984&amp;quot;,SPHEROID[&amp;quot;WGS_1984&amp;quot;,6378137.0,298.257223563]],PRIMEM[&amp;quot;Greenwich&amp;quot;,0.0],UNIT[&amp;quot;Degree&amp;quot;,0.0174532925199433],AUTHORITY[&amp;quot;EPSG&amp;quot;,4326]]&lt;/WKT&gt;&lt;XOrigin&gt;-400&lt;/XOrigin&gt;&lt;YOrigin&gt;-400&lt;/YOrigin&gt;&lt;XYScale&gt;11258999068426.238&lt;/XYScale&gt;&lt;ZOrigin&gt;-100000&lt;/ZOrigin&gt;&lt;ZScale&gt;10000&lt;/ZScale&gt;&lt;MOrigin&gt;-100000&lt;/MOrigin&gt;&lt;MScale&gt;10000&lt;/MScale&gt;&lt;XYTolerance&gt;8.983152841195215e-09&lt;/XYTolerance&gt;&lt;ZTolerance&gt;0.001&lt;/ZTolerance&gt;&lt;MTolerance&gt;0.001&lt;/MTolerance&gt;&lt;HighPrecision&gt;true&lt;/HighPrecision&gt;&lt;LeftLongitude&gt;-180&lt;/LeftLongitude&gt;&lt;WKID&gt;4326&lt;/WKID&gt;&lt;LatestWKID&gt;4326&lt;/LatestWKID&gt;&lt;/GeographicCoordinateSystem&gt;</peXml></coordRef></DataProperties><SyncDate>20250315</SyncDate><SyncTime>08130600</SyncTime><ModDate>20250315</ModDate><ModTime>08130600</ModTime></Esri><dataIdInfo><envirDesc Sync="TRUE">Microsoft Windows 10 Version 10.0 (Build 26100) ; Esri ArcGIS 13.3.2.52636</envirDesc><dataLang><languageCode value="eng" Sync="TRUE"></languageCode><countryCode value="IDN" Sync="TRUE"></countryCode></dataLang><idCitation><resTitle Sync="TRUE">DLKr_Indo_Final</resTitle><presForm><PresFormCd value="005" Sync="TRUE"></PresFormCd></presForm></idCitation><spatRpType><SpatRepTypCd value="001" Sync="TRUE"></SpatRepTypCd></spatRpType></dataIdInfo><mdLang><languageCode value="eng" Sync="TRUE"></languageCode><countryCode value="IDN" Sync="TRUE"></countryCode></mdLang><distInfo><distFormat><formatName Sync="TRUE">Shapefile</formatName></distFormat><distTranOps><transSize Sync="TRUE">0.000</transSize></distTranOps></distInfo><mdHrLv><ScopeCd value="005" Sync="TRUE"></ScopeCd></mdHrLv><mdHrLvName Sync="TRUE">dataset</mdHrLvName><refSysInfo><RefSystem><refSysID><identCode code="4326" Sync="TRUE"></identCode><idCodeSpace Sync="TRUE">EPSG</idCodeSpace><idVersion Sync="TRUE">6.2(3.0.1)</idVersion></refSysID></RefSystem></refSysInfo><spatRepInfo><VectSpatRep><geometObjs Name="DLKr_Indo_Final"><geoObjTyp><GeoObjTypCd value="002" Sync="TRUE"></GeoObjTypCd></geoObjTyp><geoObjCnt Sync="TRUE">0</geoObjCnt></geometObjs><topLvl><TopoLevCd value="001" Sync="TRUE"></TopoLevCd></topLvl></VectSpatRep></spatRepInfo><spdoinfo><ptvctinf><esriterm Name="DLKr_Indo_Final"><efeatyp Sync="TRUE">Simple</efeatyp><efeageom code="4" Sync="TRUE"></efeageom><esritopo Sync="TRUE">FALSE</esritopo><efeacnt Sync="TRUE">0</efeacnt><spindex Sync="TRUE">FALSE</spindex><linrefer Sync="TRUE">FALSE</linrefer></esriterm></ptvctinf></spdoinfo><eainfo><detailed Name="DLKr_Indo_Final"><enttyp><enttypl Sync="TRUE">DLKr_Indo_Final</enttypl><enttypt Sync="TRUE">Feature Class</enttypt><enttypc Sync="TRUE">0</enttypc></enttyp><attr><attrlabl Sync="TRUE">FID</attrlabl><attalias Sync="TRUE">FID</attalias><attrtype Sync="TRUE">OID</attrtype><attwidth Sync="TRUE">4</attwidth><atprecis Sync="TRUE">0</atprecis><attscale Sync="TRUE">0</attscale><attrdef Sync="TRUE">Internal feature number.</attrdef><attrdefs Sync="TRUE">Esri</attrdefs><attrdomv><udom Sync="TRUE">Sequential unique whole numbers that are automatically generated.</udom></attrdomv></attr><attr><attrlabl Sync="TRUE">Shape</attrlabl><attalias Sync="TRUE">Shape</attalias><attrtype Sync="TRUE">Geometry</attrtype><attwidth Sync="TRUE">0</attwidth><atprecis Sync="TRUE">0</atprecis><attscale Sync="TRUE">0</attscale><attrdef Sync="TRUE">Feature geometry.</attrdef><attrdefs Sync="TRUE">Esri</attrdefs><attrdomv><udom Sync="TRUE">Coordinates defining the features.</udom></attrdomv></attr><attr><attrlabl Sync="TRUE">Shape_Leng</attrlabl><attalias Sync="TRUE">Shape_Leng</attalias><attrtype Sync="TRUE">Double</attrtype><attwidth Sync="TRUE">19</attwidth><atprecis Sync="TRUE">0</atprecis><attscale Sync="TRUE">0</attscale></attr><attr><attrlabl Sync="TRUE">Shape_Area</attrlabl><attalias Sync="TRUE">Shape_Area</attalias><attrtype Sync="TRUE">Double</attrtype><attwidth Sync="TRUE">19</attwidth><atprecis Sync="TRUE">0</atprecis><attscale Sync="TRUE">0</attscale><attrdef Sync="TRUE">Area of feature in internal units squared.</attrdef><attrdefs Sync="TRUE">Esri</attrdefs><attrdomv><udom Sync="TRUE">Positive real numbers that are automatically generated.</udom></attrdomv></attr><attr><attrlabl Sync="TRUE">Nama_1</attrlabl><attalias Sync="TRUE">Nama_1</attalias><attrtype Sync="TRUE">String</attrtype><attwidth Sync="TRUE">254</attwidth><atprecis Sync="TRUE">0</atprecis><attscale Sync="TRUE">0</attscale></attr><attr><attrlabl Sync="TRUE">Hirarki_1</attrlabl><attalias Sync="TRUE">Hirarki_1</attalias><attrtype Sync="TRUE">Integer</attrtype><attwidth Sync="TRUE">5</attwidth><atprecis Sync="TRUE">5</atprecis><attscale Sync="TRUE">0</attscale></attr><attr><attrlabl Sync="TRUE">Ket_1</attrlabl><attalias Sync="TRUE">Ket_1</attalias><attrtype Sync="TRUE">String</attrtype><attwidth Sync="TRUE">254</attwidth><atprecis Sync="TRUE">0</atprecis><attscale Sync="TRUE">0</attscale></attr><attr><attrlabl Sync="TRUE">Prov_ID</attrlabl><attalias Sync="TRUE">Prov_ID</attalias><attrtype Sync="TRUE">Integer</attrtype><attwidth Sync="TRUE">5</attwidth><atprecis Sync="TRUE">5</atprecis><attscale Sync="TRUE">0</attscale></attr><attr><attrlabl Sync="TRUE">Prov_Name</attrlabl><attalias Sync="TRUE">Prov_Name</attalias><attrtype Sync="TRUE">String</attrtype><attwidth Sync="TRUE">254</attwidth><atprecis Sync="TRUE">0</atprecis><attscale Sync="TRUE">0</attscale></attr><attr><attrlabl Sync="TRUE">Kode</attrlabl><attalias Sync="TRUE">Kode</attalias><attrtype Sync="TRUE">String</attrtype><attwidth Sync="TRUE">254</attwidth><atprecis Sync="TRUE">0</atprecis><attscale Sync="TRUE">0</attscale></attr></detailed></eainfo><mdDateSt Sync="TRUE">20250315</mdDateSt></metadata>
